INSERT INTO coinless.cor_accounts (reg_id, userid, cost_value, prev_num_days, num_days, created_at, reg_status, user_deleted) VALUES (1, 'ZhezxTPAo1ikLF5dXS6CMQ3D8Uj9vaGl', 100, 0, 10, '2019-03-17 18:46:12', 0, 0);
INSERT INTO coinless.cor_accounts (reg_id, userid, cost_value, prev_num_days, num_days, created_at, reg_status, user_deleted) VALUES (2, 'ZhezxTPAo1ikLF5dXS6CMQ3D8Uj9vaGl', 100, 3, 10, '2019-03-24 19:10:20', 1, 0);
INSERT INTO coinless.cor_accounts (reg_id, userid, cost_value, prev_num_days, num_days, created_at, reg_status, user_deleted) VALUES (3, 'HTAMrS6Bs2oqm1WUJDatyicXZQlz8fNv', 1500, 0, 20, '2019-03-24 20:43:59', 1, 0);
INSERT INTO coinless.cor_balances (balance_id, userid, deposit, credit, debit, retirement) VALUES (1, 'ZhezxTPAo1ikLF5dXS6CMQ3D8Uj9vaGl', 15000, 0, 0, 0);
INSERT INTO coinless.cor_balances (balance_id, userid, deposit, credit, debit, retirement) VALUES (2, 'HTAMrS6Bs2oqm1WUJDatyicXZQlz8fNv', 25000, 0, 0, 0);
INSERT INTO coinless.cor_balances (balance_id, userid, deposit, credit, debit, retirement) VALUES (3, 'ZhezxTPAo1ikLF5dXS6CMQ3D8Uj9vaGl', 0, 0, 150, 0);
INSERT INTO coinless.cor_balances (balance_id, userid, deposit, credit, debit, retirement) VALUES (4, 'HTAMrS6Bs2oqm1WUJDatyicXZQlz8fNv', 0, 150, 0, 0);
INSERT INTO coinless.cor_emissions (emission_id, type_operation, funds_origin, user_from, user_to, amount, description, created_at) VALUES (1, 'deposit', 'Orange Money', 'ZhezxTPAo1ikLF5dXS6CMQ3D8Uj9vaGl', 'ZhezxTPAo1ikLF5dXS6CMQ3D8Uj9vaGl', 15000, 'Mon premier dépot pour coinless', '2019-03-24 20:26:07');
INSERT INTO coinless.cor_emissions (emission_id, type_operation, funds_origin, user_from, user_to, amount, description, created_at) VALUES (2, 'deposit', 'Mobile Money', 'HTAMrS6Bs2oqm1WUJDatyicXZQlz8fNv', 'HTAMrS6Bs2oqm1WUJDatyicXZQlz8fNv', 25000, 'Mon tout premier dépot pour coinless', '2019-03-24 20:45:01');
INSERT INTO coinless.cor_emissions (emission_id, type_operation, funds_origin, user_from, user_to, amount, description, created_at) VALUES (3, 'payment', 'Nowhere', 'ZhezxTPAo1ikLF5dXS6CMQ3D8Uj9vaGl', 'HTAMrS6Bs2oqm1WUJDatyicXZQlz8fNv', 150, 'Frais de taxi', '2019-03-24 20:55:53');
INSERT INTO coinless.cor_users (userid, username, email, phone_number, password, token, pincode, urgency_pincode, firstname, lastname, birth_date, gender, address, id_card, picture, created_at, updated_at, is_activated) VALUES ('HTAMrS6Bs2oqm1WUJDatyicXZQlz8fNv', 'thierryotis', 'thierryotis@yahoo.fr', '699009473', '7c4a8d09ca3762af61e59520943dc26494f8941b', '', '12345678', null, 'Lazare Thierry', 'Nomo Menguene', '1901-01-01', 'male', 'Yaoundé - Mimboman', '12345896', null, '2019-03-24 20:38:12', '2019-03-24 20:41:14', 1);
INSERT INTO coinless.cor_users (userid, username, email, phone_number, password, token, pincode, urgency_pincode, firstname, lastname, birth_date, gender, address, id_card, picture, created_at, updated_at, is_activated) VALUES ('ZhezxTPAo1ikLF5dXS6CMQ3D8Uj9vaGl', 'seannomo', 'nomoserges@gmail.com', '694088948', '7c4a8d09ca3762af61e59520943dc26494f8941b', '', '12345678', null, 'Serge Anselme', 'Mvilongo Nomo', '1901-01-01', 'male', 'Yaoundé - Essos', '123458965', null, '2019-03-24 11:58:56', '2019-03-24 11:58:56', 1);